phase_;meter_number;meter_phase;type;straights_ratios;
1;73366379;1;1;235.9;228.4;238;235.3;230.5;239.5;255.7;225.6;228;230.7;240.7;245.1;235.5;222.5;236.5;263.5;242.7;258;202.2;245.9;257.9;207.5;247.1;254;242;227;201;260.4;316.4;235.2;295.2;258;171.6;217.8;238.2;322.2;73.8;318;211.6;340.3;200.3;261.8;362.6;190.6;291.8;116.3;61.1;277.3;416.5;426.3;86.3;127.1;189.5;348.5;310.7;316.2;344.2;116.2;116.2;169.3;307.3;258.5;357.7;55.3;144.9;183.9;137.7;291.8;278.2;464.5;247.5;204.9;154.5;161.8;169.2;446.7;43.9;521.3;-71.5;607.9;63.9;234;398;157.3;90.1;234.6;939.8;-365.2;57.2;359.8;152.8;580.5;148.1;-19.3;187.5;586.5;-18.3;136.9;195.7;324.4;-65.6;479.8;398.2;336.4;-6.8;413.2;434.4;295.3;-39.5;-126.7;566.3;-77.5;0.9;-55.6;560;77;494.6;564.8;104.6;176;-16;371.2;-55.8;510;584.4;-28.1;526.3;-70.6;313.4;3.8;250.8;15;543;263.7;-124.9;361.1;293.1;19.1;736.7;152.9;334.9;743.8;-363.8;179.6;
1;73377094;3;3;235.5;228.1;238.3;234.7;230.7;238.7;256.1;225.3;227.7;230.4;239.4;244.9;235.3;222.3;237.7;263.2;242.4;257.7;201.9;243.7;259.7;209.3;244.5;253.7;241.7;224.2;203.4;262.8;313.2;234.9;300.9;248.2;177.8;217.4;237.8;321.8;77;313.8;218.8;331.9;199.9;261.4;358;190.3;295.9;115.9;65.3;267.4;416.2;421.1;86.1;126.9;194.5;348.2;310.4;310.4;349.6;115.9;121.7;168.9;294.9;258.3;369.9;61.2;144.4;176.9;137.3;284.7;284.7;408.9;233.9;255.2;176;146.8;169;446.5;36.1;505.8;-63.6;568.4;32.4;267.3;447.7;157.2;81.6;251.6;870.8;-364.6;93;386.7;152.7;544;102.4;74.5;196.7;567.2;-18.4;98;225.4;354.1;-65.9;479.5;397.9;274.3;55.9;412.9;359.9;285;25.8;-126.8;588.2;-33.4;-33.4;-44.7;548.1;88.1;494.1;552.6;92.4;187.6;19.6;358.4;-56.4;484.8;571.6;-15.9;513.3;-45.5;287.3;29.3;250.3;14.5;542.5;249.9;-125.3;360.7;292.7;32.4;708.6;152.6;334.6;729.4;-378.2;165.2;
1;73366205;1;1;235.8;228.6;238.4;235.7;230.5;239;256.4;225.6;228;230.7;240.7;244;235.6;223.9;236.5;263.5;242.7;258;202.2;245.9;257.9;209.6;244.8;254;242;224.5;206.3;260.3;316.3;232.2;304.2;248.4;178;217.6;234.6;322.1;77.3;314.1;219.1;332.2;200.2;261.7;358.3;194.9;296.1;111.6;65.6;272.4;411.6;426.3;81.3;132.3;189.5;353.8;305.2;310.7;349.9;116.2;122;169.2;301.2;258.5;376.3;61.3;131.7;177.2;144.2;284.9;278.1;409.2;227.2;262.7;176.3;147.1;176.7;439.2;36.4;498.4;-55.4;560.8;32.8;267.7;456.3;157.5;81.9;251.9;862.5;-355.5;84.5;404.9;152.9;544.2;93.4;74.8;206.4;557.9;-18.1;98.3;225.7;354.4;-65.6;479.8;398.2;274.6;56.2;423.7;338.9;296.1;26.1;-115.6;599.4;-33.3;-44.5;-44.5;548.3;88.3;494.3;541.1;104.5;175.9;31.9;370.7;-68.5;485;571.8;-28.2;513.6;-32.5;287.5;29.5;250.5;14.7;542.7;236.8;-111.6;347.4;306.6;18.9;722.7;138.9;334.9;743.8;-392.2;165.5;
2;73370679;1;1;230.6;226.9;234.1;226.3;225.5;232.5;236.7;234.6;210.6;233.1;220.1;228.9;242.1;217.4;234.2;255.2;204;278.8;190.6;219.1;289.1;219.8;217.6;222.2;231.8;266.8;136.8;282.6;285.4;384;411;197.1;261.1;145.6;149;236.5;142.9;339;202.2;284.1;220.1;166.8;91.2;22.4;242.4;237.9;127.5;240.3;355.5;438.8;183.8;41;254.2;413.2;326.8;211.3;558.5;188;106.8;6.5;270.5;569.4;321.4;-25.1;147.7;30.7;17.5;218.5;320.5;230.8;90.8;602;220.4;191.2;124.6;244.6;-97.4;364.6;-9.8;377.3;273.3;419.1;312.5;-61;107;277;681.2;-110.5;311.9;294.1;159.1;313.8;74.6;576.8;182;381.5;-117.7;18.1;429.7;449.5;-190.5;466;578.2;444.3;-2.9;123.1;123.1;305;110.6;67;617;-182.2;-215.8;213.6;886.2;-217.8;733.4;405.8;205.2;371.8;-180.2;666.8;93.4;216.4;352.8;-334.7;723.7;-368.5;437.9;321.8;-42.2;272.2;285.4;378.5;-50.3;192.7;505.5;149.3;632.3;548.9;44.9;905;-586;100.4;
2;73630769;2;3;230;226.4;233.2;225.7;224.9;231.9;236.1;234;210.8;231.5;220.5;227.1;242.7;215.4;233.6;254.6;205;276.4;191.8;218.4;286.4;219.2;217;221.6;231.2;266.2;138.8;279.2;284.8;363.1;387.1;194.9;262.1;146.6;156.8;237.3;140.1;339.9;203.1;281.1;221.1;167.8;121.6;61.4;246.2;237.2;122.2;239.7;354.9;438.2;178.2;55.8;248.2;412.5;326.1;205.1;557.9;187.4;106.2;11.8;269.8;568.7;314.5;-19.4;140.6;36.6;10.2;224.6;313;237.1;90.1;594.2;227;183.2;124;244;-98;356.3;-10.3;384.7;272.7;418.5;311.9;-53.3;106.3;267.8;680.6;-102.4;311.2;284.5;149.5;322.4;74;585.5;171.9;380.9;-118.3;17.5;429.1;448.9;-191.1;465.4;577.6;433.4;-13.8;133.2;133.2;293.7;110.1;66.5;583.5;-138;-216.4;224.3;874.1;-229.9;744.5;393.5;216.5;347.4;-180.6;666.4;68.6;265.4;339.8;-335.2;685.4;-330.6;437.4;282.6;9.6;271.6;271.6;391.3;-64.3;192.2;491.4;148.9;631.9;562.4;30.4;904.6;-572.2;114.2;
2;73377084;2;3;230.2;226.6;233.8;226;225.2;232.2;237;233.5;211.1;232.7;218.7;228.6;243;217;232.4;256.4;203.6;276.7;190.3;220.7;286.7;219.5;217.3;221.9;233.9;266.4;136.4;279.5;285.1;363.4;387.4;198.3;259.1;146.9;160.5;234;140.4;343.9;199.5;285.3;217.3;168.1;121.9;61.7;242.1;242.1;127.1;235.2;355.2;433.6;183.6;51;248.6;418.2;326.4;205.4;558.2;187.7;106.5;6.2;276.2;562.9;321.1;-25.4;147.4;30.4;17.2;218.2;313.4;237.5;90.5;601.7;220.1;183.6;131.8;236.8;-90;348.9;-17.7;385.2;273.2;427.1;312.3;-52.9;98.3;268.3;681.1;-110.6;320.6;293.9;158.9;322.7;74.3;576.5;172.3;381.3;-117.9;17.9;439.3;439.3;-190.7;465.8;578;433.8;-3;133.5;133.5;294;110.4;66.8;572.8;-126.5;-227.3;224.7;874.5;-229.5;744.9;405.6;205;347.8;-168.2;666.7;68.9;253.4;352.6;-334.9;685.7;-343;450.6;282.9;-3.1;272;285.2;391.6;-64;192.5;491.7;149.2;646;548.7;16.7;919.1;-571.9;114.5;
2;73377143;1;3;231.7;227.9;235.3;228.4;226.8;233.8;239.8;232.8;215.2;232.3;225.3;230.8;238;222.4;233.6;256.1;206.5;281.3;189.5;219.9;283.9;223;220.8;227.7;232.5;260;150.8;277.7;283.3;323.9;362.9;207.9;239.9;164;170.8;233.8;151;343.4;206.6;272.9;228.9;208.4;158;119.3;251.3;228.8;132.2;235.6;355.6;424.2;164.2;67.3;249.3;424.2;316.2;211.7;547.7;160.1;102.1;60.8;264.8;399;306;28.8;188.8;45.8;39.2;206.7;322.3;253.3;106.3;560.7;215.1;134.8;179.2;261.7;-42.3;350.4;-0.6;418.1;202.1;396.5;355.5;23.5;132.7;268.7;621.3;-118.2;295.4;331;241;286.5;65.7;540;173.4;391.9;-97.7;18.7;381.3;450.6;-149.4;497;537.8;414.2;-43.4;219.1;144.9;337.5;24.3;24.3;530.3;19.7;-215.5;168.7;841.3;-205.2;769.2;383.1;182.5;349.1;-166.9;619.6;34;267.7;453.7;-308.8;548;-226.7;413.3;232.7;76.7;116;287.6;447.2;-21.8;248.2;452.2;164.5;661.3;550.1;-23.9;1005.4;-599.2;101.5;
2;73366269;1;1;230.6;227;234.2;226.4;225.6;232.6;237.4;233.9;211.5;233.1;220.1;227.8;243.4;217.4;232.8;256.8;204;277.1;190.7;221.1;287.1;222;215.4;222.3;234.3;266.8;136.8;279.9;285.5;363.8;387.8;198.7;262.7;143.9;160.9;234.4;140.8;344.3;199.9;285.7;217.7;172.6;118;66.4;242.4;237.9;127.5;235.6;355.6;438.9;178.9;51.4;254.2;413.2;326.8;205.8;558.6;188.1;106.9;12.5;270.5;569.4;315.2;-18.7;141.3;30.8;17.6;218.6;320.6;230.9;90.9;602.1;227.7;183.9;124.7;244.7;-97.3;357;-9.6;385.4;265.4;419.3;320.9;-52.6;98.6;277.1;681.3;-110.4;312;285.3;168.3;313.9;74.7;576.9;182.1;381.6;-117.6;8.5;439.7;449.6;-190.4;456;578.4;434.2;-2.6;133.9;133.9;294.4;110.8;67.2;573.2;-126.1;-215.7;213.7;874.9;-229.1;745.3;406;205.4;348.2;-167.8;679.2;57;266.1;352.9;-347.1;686.1;-329.9;438.1;283.3;-2.7;285.5;272.3;392;-50.2;179.3;492.1;149.6;646.4;549.1;31.1;919.4;-585.8;114.9;
2;73368736;1;1;230.4;226.7;234.1;226.3;225.5;232.5;237.3;233.8;211.4;232.1;218.1;229.1;242.3;217.6;234.4;256.9;204.1;277.2;190.8;219.3;289.3;220;217.8;222.4;232;267;139.6;280;285.6;363.9;384.9;198.9;262.9;144.1;161.1;234.6;141;344.5;200.1;282;222;164.6;126.8;70.9;246.9;233.4;132.2;235.6;355.6;434;179;51.5;254.3;413.3;326.9;211.4;564.2;188;106.8;0.6;270.6;551.2;315.6;-5.7;154.3;30.8;24.2;218.5;313.7;237.8;90.8;609.1;234.7;176.3;117.1;237.1;-97.3;341.6;-9.4;393.5;273.5;427.4;312.6;-60.9;107.1;277.1;689.9;-110.5;311.9;276.3;168.3;313.9;65.5;577;182.2;381.7;-117.5;18.3;449.5;449.5;-210.5;466.2;598.8;444.3;-13.3;123.2;123.2;305.1;121.5;67;573;-137.4;-215.8;213.6;863.4;-229.1;756.9;405.9;228.9;324.1;-179.9;691.3;69.1;253.6;340.4;-347.1;673.5;-329.8;451;270.4;-2.6;298.7;285.5;378.6;-63.6;179.4;492.2;149.7;660.3;535.2;17.2;933.7;-571.5;100.6;
2;73377128;2;3;230.5;227;234.2;226.4;225.6;232.6;237.4;233.9;211.5;232.2;221.2;227.8;243.4;217.4;232.8;256.8;204;278.8;190.6;219.1;287.1;219.9;219.9;222.2;231.8;266.8;139.4;279.8;285.4;352.1;379.1;202.4;253.6;148;165;235;141.4;344.9;200.5;282.4;218.4;181.5;131.1;83.8;246.6;233.1;127.3;235.4;360.2;428.8;178.8;56.4;248.8;418.4;321.2;205.7;564.1;182.2;101;18.4;270.4;520.5;315.9;0.9;154.5;31;24.4;212;320.8;231.1;98.1;595.1;227.9;184.1;132.3;244.8;-82;341.5;-9.5;401.3;257.3;411.2;321;-44.2;115.4;276.9;663.9;-110.4;303.2;294.3;195.3;304.5;65.3;576.8;172.6;391.1;-117.7;8.4;439.6;449.5;-190.5;476.1;567.9;434;-13.2;144.3;133.7;304.9;99.7;56.1;551.1;-92.7;-215.9;213.5;863.3;-229.2;756.8;394.1;205.3;348.1;-179.9;679.2;44.8;266.2;377.8;-347.2;660.8;-317.1;450.9;257.4;10.4;246.2;285.8;405.5;-36.7;192.8;478.4;149.6;660.2;549;3;947.7;-600.1;114.9;
2;73377141;1;3;231.6;227.9;235.3;228.4;226.8;233.8;239.8;232.8;215.2;232.3;225.3;230.8;238;222.4;233.6;256.1;208.1;279.5;189.5;221.8;281.8;225.1;218.5;227.7;232.5;260;150.8;277.7;283.3;326.8;359.8;207.9;239.9;164;174.2;233.7;147.3;347.1;202.7;276.8;224.8;208.4;162.2;114.9;255.7;224.2;132.2;235.6;355.6;429.1;159.1;72.4;244;424.2;321.6;206.1;553.3;154.3;102.1;60.8;264.8;399;306;28.8;182.4;52.4;39.2;206.7;315.5;253.4;99.4;568;215.2;142.2;171.8;261.8;-49.8;358.3;-0.5;418.2;210.2;388.4;355.6;23.6;141.2;260.2;630;-118.2;295.4;331;241;277.4;75;540;173.4;391.9;-97.7;9;391.2;450.6;-149.4;497;537.8;403.9;-32.9;219.1;144.9;326.8;35.2;24.3;530.3;19.7;-226.7;168.8;841.4;-205.1;780.9;371.4;182.6;349.2;-154.8;619.6;34;267.7;428.9;-283.6;548;-226.7;413.3;232.7;76.7;116;287.6;433.9;-8.3;234.7;452.3;178.3;661.3;550.1;-23.9;977.2;-584.8;101.6;
2;73368632;1;1;233.9;230.3;236.7;231.9;229.1;236.6;243.8;230.5;220.9;232.6;231.6;234.9;232.5;231.2;232.6;256.6;215;277.9;195.1;223.6;275.6;231.5;218.3;236.7;236.7;251.7;168.5;276.5;284.9;299.4;344.4;220.4;220.4;184.1;177.3;250.8;150;338.7;205.7;283.7;223.7;244.2;172.8;155.6;265.6;216.1;133.3;241.4;351.8;435.1;135.1;79;255.8;436;257.8;235.8;499;151.3;110.7;104.8;260.8;334;303;63.6;191.6;113.6;34.4;215.3;317.3;248.3;143.3;512.5;210.1;129.8;189;294;-2.4;367.2;8.4;419.2;131.2;390.4;382.2;66.8;150.8;261.3;579.5;-116.5;279.5;377.4;260.4;287.7;66.9;513.3;184.3;383.8;-57.8;10.1;343.3;452.2;-117.8;508.4;508.4;343.6;-30.8;305.2;156.8;306.6;36.6;-17.9;521.1;43.8;-135.4;113.2;763;-145.5;712.9;385.3;196.5;351.2;-128.8;548.8;48.6;282.3;431.1;-193.9;473.9;-148.4;402;195.6;117.6;12.8;316.4;382.9;74.7;250.2;386.2;208.1;622.1;510.9;-7.1;923.5;-496.5;104.1;
2;73377098;2;3;230.4;226.9;234.1;226.3;225.5;232.5;237.3;233.8;211.4;232.1;220.1;228.9;242.1;218.7;232.7;256.7;203.9;278.7;190.5;217.1;289.1;219.8;217.6;224.5;231.7;266.7;139.3;279.7;285.3;352;379;199.2;256.8;147.9;161.5;238.5;141.3;344.8;196.6;282.4;222.4;177.3;135.3;83.7;246.5;233;127.2;235.3;355.3;433.7;173.7;61.5;248.7;413;326.6;205.6;564;182.1;100.9;18.3;270.3;520.4;315.8;7.1;160.7;17.7;24.3;211.9;320.7;231;98;587.9;227.9;198.7;139.5;237;-82.2;341.3;-1.9;393.1;265.1;402.8;312.6;-44.3;115.3;268.3;672.5;-110.5;303.1;294.2;195.2;304.4;65.2;576.7;172.5;381.5;-108.1;18;429.6;449.4;-190.6;476;567.8;433.9;-13.3;144.2;133.6;304.8;99.6;45.1;562.1;-92.8;-216;213.4;863.2;-240.8;768.4;394;205.2;348;-180;679.1;44.7;266.1;365.3;-334.7;648.1;-304.4;438;257.4;23.4;246.1;285.7;405.4;-50.2;206.3;478.3;149.5;660.1;535;17;947.6;-600.2;114.8;
2;73377095;1;3;231.3;227.6;235.2;227.7;226.5;233.5;238.9;234;213.2;233;224;229.5;241.5;219.4;234.8;255.8;204.6;282.8;187.4;221.6;283.6;222.7;220.5;222.8;234.8;259.8;150.6;277.5;283.1;332.4;362.4;210.5;239.3;163.4;166.8;236.8;146.8;342.9;206.1;276.3;228.3;199.6;153.4;119;242.2;228.7;132.1;235.5;360.3;419.1;174.1;67;254.2;418.5;332.1;205.6;558.4;159.4;107.2;42.3;270.3;416.7;292.7;21.8;175.4;51.9;38.7;206.2;321.8;232.1;106.1;567.6;222;141.7;171.3;253.8;-50.2;350.2;-0.8;417.9;209.9;404.3;346.9;6.6;132.6;268.6;629.8;-118.4;295.2;321.9;240.9;286.4;65.6;558.5;163.7;401.2;-117.2;18.6;391;450.4;-149.6;496.8;547.8;424.2;-23;176.5;134.1;337.4;35;45.9;518.9;-2.8;-226.8;191.3;863.9;-240.1;780.7;394.6;182.2;348.8;-179.2;643.6;33.6;267.3;428.5;-321.5;585.7;-239.8;425.8;232.3;50.3;155.1;273.9;460.1;-49.1;234.4;465.6;150.5;674.9;549.8;-10.2;962.7;-585.1;101.3;
2;73370894;1;1;232.8;229.2;235.8;230.4;228;235;242.2;231.7;218.1;233.4;227.4;232.9;235.3;227.5;233.1;255.6;210.8;280.5;192.3;220.8;280.8;226.2;219.6;233.4;233.4;255.9;159.7;278.5;284.1;310.2;352.2;215.8;231.8;172.4;175.8;238.8;152.4;341.1;204.3;282.3;226.3;226.3;167.5;133.1;256.3;224.8;132.8;236.2;351.4;429.8;154.8;73.2;250;430.2;289.8;223.8;520.6;155.8;109.4;79.9;259.9;369.7;301.5;43.2;190.4;79.9;33.7;214.6;323.4;254.4;121.4;533.2;216.4;128.8;188;285.5;-26.1;351.2;8;418.8;170.8;389.5;373.1;49.4;141.8;260.8;613.4;-117.4;278.6;349.8;250.8;287.2;66.4;531.4;174.2;392.7;-77.7;9.6;362.4;451.5;-138.5;507.9;538.5;394.3;-63.3;262.2;156.2;306;36;3.3;531.3;20.7;-180.9;146.8;808;-181;747;384.3;195.5;326.4;-129.6;596.4;23;281.3;430.1;-244.9;523.7;-187.5;414.1;207.7;103.7;51.3;302.1;421.8;19.8;249.3;426.1;179.5;662.5;551.3;-50.7;950.4;-540.6;117.2;
2;73368619;1;1;232.2;228.5;235.9;229;227.4;234.4;240.4;233.4;215.8;233.8;225.8;230.2;238.6;223;234.2;256.7;207.1;281.9;190.1;222.4;282.4;225.7;219.1;228.3;233.1;260.6;151.4;278.3;283.9;327.4;360.4;211.6;246.8;157.7;184.9;219.9;147.9;362.5;199.1;265.4;225.4;209;162.8;111.2;256.4;229.4;132.8;236.2;356.2;429.7;159.7;73;244.6;430.1;316.7;212.2;576.2;143;90.8;55.4;265.4;399.6;306.6;23.1;189.5;59.5;39.7;207.2;322.8;246.9;106.9;561.3;215.7;135.4;179.8;262.3;-41.7;351;7.8;418.6;194.6;397.1;356.1;24.1;124.9;277.9;621.9;-108.9;287.1;331.6;241.6;287.1;66.3;549.9;164.5;392.5;-87.5;9.5;381.9;451.2;-148.8;507.7;538.3;404.4;-42.8;219.7;145.5;327.4;46.6;13.9;541.9;53.5;-260.1;180.6;841.8;-216.2;816.2;371.6;147.4;349.7;-166.3;620.2;22.4;280.7;441.9;-283.1;548.5;-226.2;413.8;233.2;64.2;129.7;288.1;434.4;-7.8;235.2;452.8;165.1;675.7;620.1;-37.9;963.2;-641.4;116.5;
2;73630855;2;3;231;227.4;234.8;227;226.2;233.7;237.3;235.2;211.2;233.7;221.7;229.4;242.6;217.9;233.3;258.8;202.8;281;189.2;219.6;287.6;220.4;220.4;225;229.8;267.3;142.5;280.2;285.8;343.8;376.8;203.2;251.2;148.9;165.9;235.9;142.3;345.8;201.4;283.3;223.3;182.3;140.3;93;247;238;127.6;235.7;355.7;429.2;174.2;62;244;424.2;327;206;558.8;176.9;101.5;30.7;270.7;490.3;310.5;8.1;161.7;31.7;31.7;212.6;314.6;245.6;91.6;588.6;221.4;177.6;148;238;-66;342.1;-1.1;401.8;241.8;411.9;329.9;-27;115.8;277.3;655.7;-118.6;303.8;312.7;195.7;304.9;65.7;567.9;173.1;391.6;-107.6;8.8;420.4;450.1;-169.9;476.5;568.3;424.1;-23.1;165.9;134.1;305.3;89.3;45.7;551.7;-58.8;-226.8;213.9;863.7;-228.8;768.8;394.4;182;360.5;-191.5;679.7;45.3;266.7;390.7;-346.8;648.6;-303.9;438.5;257.9;23.9;220.4;286.4;419.4;-36.2;193.3;492.5;136.3;674.5;535.5;3.5;962.3;-599.7;115.3;
2;73370895;1;1;231.5;227.8;235.4;228.2;226.2;233.7;239.1;234.2;213.4;233.2;224.2;229.7;240.5;221;235;256;204.8;281.3;189.5;219.9;285.9;222.9;220.7;225.3;232.5;262.5;148.1;277.7;286.1;329.6;365.6;207.5;242.7;156.9;170.5;237;147;343.1;206.3;276.5;228.5;199.8;153.6;114.9;246.9;228.9;136.9;230.9;355.7;429.2;164.2;67.3;249.3;424.2;343.2;194.7;569.9;153.8;107.4;42.5;270.5;404.7;305.5;22;182;39;39;206.5;322.1;246.2;99.2;567.8;222.2;141.9;178.9;253.9;-57.7;350.4;-0.6;418.1;210.1;404.5;355.3;-1.6;132.8;268.8;630;-109.5;286.5;331;232;286.6;65.8;577.3;163.7;391.7;-117.1;18.7;381.3;460.5;-159.5;497;558.2;403.7;-12.3;176.7;134.3;326.9;56.9;46;519;-2.7;-226.7;180.1;875.5;-240;780.8;394.7;170.5;349;-167;643.7;21.5;279.8;416.2;-321.3;598.5;-252.4;426;232.5;50.5;155.3;274.1;447;-35.4;234.6;465.8;150.7;675.1;550;-24;977.1;-570.7;87.1;
2;73368698;1;1;233;229.4;236;230.6;228.2;235.2;242.4;231.9;218.3;233.6;227.6;232;236.8;226.4;234.8;255.8;211;280.7;190.7;223;279;228.6;219.8;231.3;236.1;256.1;159.9;276;287.2;310.4;352.4;216;228.8;179.3;172.5;239;149;345.1;208.3;274.6;226.6;230.7;167.7;133.3;256.5;225;128.4;241.2;351.6;434.9;149.9;73.4;250.2;425.1;295.5;224;520.8;156;109.6;80.1;260.1;369.9;301.7;43.4;190.6;80.1;40.5;208;330.4;247.6;121.6;533.4;223.8;121.6;195.6;278.1;-25.9;359.1;0.3;426.9;162.9;397.8;373.2;41.2;142;261;613.6;-117.2;278.8;350;260;287.3;66.5;522.2;174.4;392.9;-77.5;9.8;362.6;461.6;-138.4;497.9;528.5;394.6;-52.6;262.4;156.4;316.9;36.1;3.4;520.4;20.9;-180.7;158.3;796.7;-169.3;747.1;384.4;183.8;338.5;-141.5;596.6;35.4;269.1;442.7;-244.8;511.2;-187.3;414.3;220.8;103.8;51.4;302.2;408.6;20;249.5;426.3;207.1;690.1;592.8;-135.2;950.5;-540.5;117.3;
2;73366364;1;1;233.1;229.5;236.1;230.7;227.9;235.9;241.9;232.8;218.4;232.8;227.8;233.3;236.9;226.5;234.9;254.4;212.8;280.8;190.8;223.1;279.1;228.7;219.9;231.4;236.2;256.2;160;276.1;284.5;313.5;352.5;216.1;228.9;179.4;172.6;239.1;149.1;345.2;204.6;278.7;226.7;226.7;172.1;129.1;261.1;220.6;133.2;241.3;351.7;430.1;155.1;73.5;250.3;425.2;295.6;218.6;526.6;156.1;109.7;80.2;260.2;370;301.8;43.5;190.7;80.2;40.6;214.8;323.6;247.7;121.7;533.5;223.9;121.7;195.7;278.2;-25.8;359.2;0.4;427;163;397.9;373.3;41.3;142.1;261.1;613.7;-117.1;278.9;350.1;260.1;287.4;66.6;522.3;174.5;393;-77.4;9.9;362.7;461.7;-138.3;498;528.6;394.7;-52.5;262.5;156.5;317;36.2;3.5;520.5;21;-180.6;158.4;796.8;-169.2;758.8;361;195.8;338.6;-141.4;596.7;35.5;281.5;430.3;-244.7;511.3;-187.2;414.4;220.9;116.9;38.3;302.3;422;6.6;249.6;426.4;193.5;690.3;565.2;-92.8;950.6;-554.6;117.5;
2;73368633;1;1;235.2;231.9;237.5;233.9;229.5;239;246.2;228;224.8;233.8;232.8;237.2;232.4;235;232.2;256.2;221;273.7;198.1;230.4;268.4;234.8;219.4;242.4;235.2;250.2;177.4;271.9;285.9;288.8;330.8;222.3;212.7;202.8;168.8;266.8;155.2;332.8;211.2;281.4;217.4;266.6;195.2;178;274.8;207.3;133.7;241.8;347.4;435.6;130.6;84.7;230.3;442.3;253.3;247.8;443.8;164.5;118.1;135.8;255.8;304.6;298.4;84.2;193;134.5;55.3;222.8;304.4;249.2;158.2;456.4;218.8;116.6;198;318;36.8;352.5;40.5;403.9;107.9;383.3;407.9;75.9;176.7;253.2;562.8;-115.8;262.6;396.1;252.1;306.7;76.7;467.3;194.7;365.7;-27.9;20.6;324.4;453.1;-86.9;498.9;468.3;313.8;-19;327.5;189.7;286;48.4;-27.9;533.1;22.5;-55.9;124.9;660.7;-98.3;667.3;374.8;186;352.6;-91.4;513.6;50;296;407.6;-117.4;424.4;-83.6;402.8;157.7;170.7;-38.9;330.7;370.6;62.4;291.9;346.3;264.1;567.7;414.8;64.8;854.4;-437.8;134.2;
2;73368638;1;1;234.7;231.3;237.3;233.1;229.5;238;245.2;229.8;222.6;233.4;233.4;234.5;233.3;233.3;233.3;255.8;219;275.1;197.7;226.2;272.2;234.4;219;239.7;234.9;249.9;174.5;274.4;288.4;291.3;336.3;221.6;212;198.8;171.6;262.6;151;339.7;206.7;276.9;224.9;257.7;186.3;169.1;270.3;211.8;133.6;241.7;352.1;430.5;135.5;79.4;240.6;436.7;263.9;236.4;466;158.2;117.6;123.5;255.5;316.5;297.9;77.4;199;121;55;215.8;311;248.9;150.9;477.5;218.3;116.1;197.5;310;21.2;360;32.4;403.7;115.7;391.1;391.1;75.7;168.1;253.1;571.3;-107.3;253.5;395.9;251.9;306.5;67.3;485.8;194.4;365.4;-37.8;20.4;334;452.8;-97.2;498.7;488.5;323.7;-19.5;306;189.4;285.7;48.1;-28.2;532.8;33.3;-89.9;124.8;706.2;-133.3;690.3;386.1;185.5;364;-104;513.1;37.3;295.6;419.6;-142.9;436.7;-109.4;415.4;170.3;144.3;-12.9;317.1;383.6;62;291.5;345.9;236.3;595.1;456.1;36.1;868;-452.6;119.4;
2;73368731;1;1;235.5;232.4;237.6;234.3;229.9;239.4;247.2;227.6;226;234.1;233.1;237.5;232.7;235.3;229.7;259.7;221.3;277.4;192.8;236.5;262.5;237.3;217.5;245.1;233.1;250.6;180.4;274.9;283.3;286.2;325.2;226;203.6;213.5;165.9;277.9;151.9;329.5;207.9;289.8;209.8;279.5;195.5;191.2;270.4;225.4;115;241.9;342.7;445.6;120.6;95.1;214.7;474.4;220.6;259.1;438.3;153.3;118.5;159.8;249.8;286.4;292.6;103.6;206;115;68.8;216.2;304.6;242.5;172.5;435.2;226.4;116.9;198.3;310.8;52.4;352.7;48.5;404;92;391.7;408.1;92.7;168.3;253.3;554.3;-106.9;271.5;378.3;252.3;316;76.8;458.1;194.9;346.9;1.3;20.7;314.7;453.3;-76.7;488.9;468.5;324.3;-29.3;348.7;179.1;264.7;70.3;-49.6;577.4;-22;0.4;113.4;615;-75;655.8;363.3;174.5;341.1;-66.9;501.8;50.4;308.7;395.5;-92;437.2;-96.2;403;145;184;-38.7;330.9;370.8;49.2;305.7;319.3;291.9;540.3;401.3;79.3;826.6;-408.8;134.6;
2;73368636;1;1;236.8;233.7;238.9;235.6;231.2;241.2;250.2;225;229;235.3;234.3;238.7;233.9;236.5;230.9;259.4;227.4;266.5;205.3;237.6;261.6;236.4;225.4;243.8;236.6;244.1;194.7;264.9;290.1;272.7;320.7;224.6;205.4;218.6;177.8;272.3;164.3;312.3;221.1;283.5;219.5;285.1;213.7;196.5;284.5;203.5;139.1;233.1;362.7;431.3;121.3;90.7;215.5;427.5;260.1;260.1;388.9;178;131.6;155.2;257.2;269.4;288;111.6;207.6;162.1;69.7;230.5;284.9;264.2;166.2;400.5;234.9;103.5;207.1;342.1;68.5;345.7;80.5;388.6;84.6;384.3;408.9;118.4;185.6;236.6;546.2;-106.3;228.1;397.2;262.2;325.9;77.5;393.7;205.7;367.2;12;31.4;315.6;424.5;-25.5;469.4;438.8;274;3.6;329.1;244.3;255;82.2;-37.7;501.3;46.2;23.8;102.9;570.3;-16.2;610.2;364.5;163.9;330.5;-65.5;503.2;51.8;322.4;372;-65.5;388.1;-5.6;404;158.9;223.9;-116.7;332.1;358.7;63.9;320.4;306.8;293.1;527.7;305.3;165.3;785.7;-378.7;150.4;
2;73368634;1;1;235.5;232.4;237.6;234;230.4;239.4;246.6;228.4;225.2;235.1;233.1;237.5;231.5;236.7;228.3;261.3;219.7;277.5;192.9;238.5;260.5;239.5;215.3;249.8;230.6;250.6;180.4;274.9;280.5;292.1;319.1;232.3;197.1;216.9;162.5;281.5;148.3;333.3;200.3;297.8;205.8;283.7;191.3;195.6;266;225.5;115.1;246.7;337.9;450.6;115.6;100.3;209.5;469.2;226.2;264.7;427.1;164.9;112.7;159.9;249.9;286.5;298.9;97.3;199.7;121.7;75.5;209.5;311.5;242.5;172.5;428.1;226.5;117;198.4;318.4;44.8;360.5;48.5;396.1;100.1;391.7;399.9;101.1;168.3;253.3;554.3;-106.9;262.7;387.3;252.3;316;67.6;458.2;195;356.5;-8.3;20.8;324.6;443.4;-66.6;478.8;478.8;303.7;-8.3;327.7;200.5;254;81.2;-60.5;577.5;-21.9;0.5;102.2;626.6;-74.9;655.9;363.4;186.4;329.2;-66.8;501.9;62.7;296.4;408;-104.5;437.3;-96.1;403.1;158;184;-38.7;304.5;384.3;49.3;319.3;305.7;305.7;526.5;415.3;65.3;840.8;-423;149;
3;73630769;1;3;235.5;234.2;230.4;239.4;240.2;225.2;225.8;248.9;242.5;238;259;208.4;264.8;206.3;252.5;204.5;266.9;226.1;260.3;207.1;259.1;231.8;203.2;269.9;217.1;259.6;202.4;251;178.2;282.6;192.6;223.6;278;188.9;409.9;287.4;193.8;201.2;224;177.2;177.2;107.5;460.3;266.8;51.2;307.7;372.1;334.5;12.9;-1.8;363.2;404;560;40.6;94.6;171.6;177.2;296.9;221.5;227.4;275.4;806.1;235.7;210.5;-7.1;168.4;399.4;104.6;478.6;85.3;295.3;32.6;111.8;688.5;140.9;133.4;293;316.1;292.7;142.6;510.6;-186;35.4;10.5;270.9;568.4;-136.8;620.1;136.1;-237.7;365.3;219.7;495.7;95.8;77;-18;394.8;200.8;63.6;-15.6;504.4;-91.5;357.3;305.8;867.4;16.9;-4.3;166.9;48.1;429.6;341.6;319.4;285.8;489.2;113;-48;-372.8;586.6;327;124.7;1072.7;-536.6;-24.2;135.7;445.7;195.7;699.7;318.7;152.3;590.9;96.9;909.1;-199.7;106.2;334;-206;-97.2;-97.2;234;762.2;-301.8;-640.2;1106.4;319.9;
3;73370763;1;1;236.1;234.9;231.5;239.6;241.2;224.7;227.1;249.5;243.1;239.5;258.5;210.1;264.1;208.2;251.6;206.6;265.8;228.4;259;209.6;259.6;230.2;203.8;272.8;215.2;260.2;205.6;248.8;181.6;277.3;196.3;224.2;275.4;189.6;414;288;194.4;205.5;216.9;177.9;181.9;108.1;460.9;263.1;47.5;313;363.6;321.3;23.7;13.9;363.9;404.7;565.9;35.9;95.3;166.8;183.6;297.6;222.2;234;276;806.7;230.1;211.2;-0;169;386.8;112.1;486.1;85.9;295.9;26.1;112.5;689.2;141.6;126.6;301.4;316.8;301.2;143.2;511.2;-193.5;36.1;11.2;271.6;552.1;-110.1;612;136.8;-237;339;220.7;505.9;115.3;77.7;-17.3;395.5;201.5;64.3;-5;495;-100.9;378.5;316.7;888.7;6.7;6.7;156.5;37.7;441;353;308.6;252.6;535.1;113.3;-47.7;-395.7;610.5;327.3;125;1025;-523.8;-35.8;136.4;458.8;183.8;713;319.3;152.9;578.6;97.6;922.9;-185.9;93.4;334.6;-191.9;-123.9;-96.5;248.5;762.8;-315.2;-625.4;1107;320.5;
3;73370680;1;1;236.2;235;231.6;239.7;241.3;224.8;226.6;250.4;243.2;239.6;258.6;210.2;264.2;208.3;251.7;206.7;265.9;226.8;261;209.7;259.7;228.2;206.2;270.6;217.8;260.3;205.7;248.9;181.7;277.4;196.4;224.3;275.5;189.7;414.1;288.1;194.5;205.6;217;178;182;108.2;461;263.2;47.6;313.1;363.7;321.4;23.8;14;364;409.9;560.7;41.3;84.5;172.5;183.7;297.7;222.3;234.1;282.1;812.8;223.8;204.9;0.1;169.1;386.9;118.9;479.3;86;310;18.9;112.5;689.2;141.6;126.6;293.8;316.9;309.1;151.1;503.1;-201.6;36.2;3;280.2;552.2;-110;620.8;136.8;-237;330;220.8;515.2;124.6;77.6;-26.9;395.5;201.5;54.5;-4.9;495.1;-100.8;368.4;316.9;888.9;6.9;-3.7;156.8;59.6;452;353;297.5;252.7;523.9;102.1;-47.4;-383.8;610.7;315.7;125.3;1049.3;-535.8;-23.4;136.5;458.9;183.9;713.1;319.4;153;591.6;97.6;909.8;-185.8;93.5;334.7;-205.3;-110.1;-96.4;248.6;776.8;-315.2;-639.5;1107.1;320.6;
3;73377084;1;3;235.8;234.6;231.2;239.3;240.9;224.4;226.8;249.2;242.8;239.2;258.2;208.7;265.1;207.9;251.3;206.3;265.5;226.4;260.6;207.4;261.4;227.8;205.8;270.2;217.4;259.9;202.7;248.6;181.4;280;196;223.9;275.1;189.3;413.7;284.2;197.8;205.2;216.6;177.6;181.6;107.8;460.6;258.5;47.3;312.8;368;321;18.6;13.7;368.7;404.4;565.6;35.6;89.6;172.1;177.7;303.1;227.7;227.7;275.7;800.3;236.1;210.9;-6.7;168.8;393.2;105.1;485.9;85.7;295.7;25.9;112.3;696.3;141.3;126.3;301.1;308.8;324.4;158.5;502.5;-210.3;27.5;2.6;305;568.5;-110.9;611.2;100.8;-246.3;338.7;220.4;505.6;115;77.4;-27.1;395.3;211;64;-5.3;494.7;-101.2;357.8;316.6;878.2;6.7;6.7;156.5;48.5;430;342;319.8;263.8;523.7;113.3;-59.2;-384;610.5;315.5;125.1;1061.1;-524;-23.8;136.1;446.1;196.1;712.7;319;139.8;591.3;97.3;922.6;-186.2;79.8;347.8;-205.7;-110.5;-96.8;248.2;748.6;-315.4;-611.5;1092.5;320.3;
3;73368732;1;1;236.2;235;231.4;239.8;241.4;225.4;227.2;249.6;243.2;239.6;257.6;210.3;264.3;209.7;250.3;206.8;266;228.6;261;207.8;259.8;230.4;206.2;270.6;217.8;260.3;203.1;249;181.8;280.4;196.4;224.3;275.5;189.7;414.1;284.6;198.2;205.6;217;178;182;108.2;461;258.9;47.7;313.2;368.4;321.4;19;14.1;369.1;404.8;566;36;90;172.5;178.1;303.5;228.1;228.1;276.1;800.7;236.5;217.6;-6.4;169.1;386.9;112.2;486.2;79.1;296.1;26.3;112.7;696.7;141.7;134.2;293.8;309.2;332.6;174.6;502.6;-226.4;19.6;11.3;322.1;560.1;-102.1;611.3;83.3;-246;330;220.8;506;115.4;77.8;-26.7;405.3;201.6;64.4;-4.9;495.1;-100.8;358.2;317;889;-3.5;7.1;156.9;59.7;430.3;342.3;309;264.2;524.1;113.7;-47.3;-395.3;610.9;315.9;125.5;1061.5;-523.6;-23.4;136.5;458.9;183.9;713.1;319.4;140.2;591.7;97.7;923;-185.8;80.2;348.2;-205.3;-110.1;-96.4;248.6;749;-301;-625.3;1092.9;335;
3;73370906;1;1;236.3;235.2;231.8;239.9;241.5;225;226.8;249.9;243.5;239.9;258.9;209.4;264.6;210;252;207;266.2;228.8;257.6;210.1;262.1;228.5;206.5;270.9;218.1;260.6;208.6;246.4;182;280.6;196.6;227.6;272.4;189.9;417.7;284.7;198.3;202;221;178.1;182.1;104.2;465.4;259;47.8;308.8;364;317;29;19.2;364.2;415.2;555.6;41.5;95.5;167;178.2;297.9;228.3;234.2;270.2;788.7;236.9;218;6.8;169.3;380.5;112.5;486.5;79.4;296.4;33.7;120.1;689.5;149.3;126.8;301.6;301.6;301.6;135.7;527.7;-185.1;28.1;3.2;272;535.5;-100.9;612.5;146.1;-227.7;312.3;221.3;515.7;134.4;78;-17;395.8;211.5;54.7;5.2;495.2;-100.7;337.9;317.3;889.3;7.3;-3.3;167.9;59.9;408.7;353.7;309.3;275.7;524.3;102.5;-47;-383.4;611.1;304.3;125.8;1061.8;-499.1;-23.3;124.3;459.1;184.1;713.3;332.3;140.3;591.8;97.8;910;-185.6;80.4;361.8;-205.2;-110;-110;262.6;749.1;-328.9;-610.9;1093.1;320.9;
3;73377098;1;3;235.8;234.7;231.7;239.2;241.6;224.1;226.5;250.3;242.3;239.6;257.6;210.3;263.1;211.1;250.3;208.3;264.3;228.6;257.4;209.9;261.9;228.3;208.5;270.6;215.4;260.4;211;246.1;184.5;274.4;199.4;230.4;272;189.5;417.3;284.3;194.3;205.4;216.8;181.7;185.7;99.6;465;254.3;47.5;308.5;354.5;312.2;38.6;28.8;358.8;409.8;560.6;35.9;95.3;172.3;183.5;291.8;222.2;228.1;276.1;770.2;237;230.7;19.5;169;380.2;112.2;479.4;79.2;296.2;40.6;127;681.8;149;126.5;301.3;293.6;293.6;135.6;511.6;-160.7;27.9;3;255;535.5;-92.3;612.4;154.8;-219;294;221.2;515.6;134.3;87.3;-7.7;385.9;221;64.2;4.8;484.8;-101;337.6;306.7;868.3;7.3;17.9;178.4;70.4;397.4;342.4;309.1;275.5;546.7;67.9;-47.1;-371.9;610.9;315.9;101.7;1073.7;-475.1;-23.7;111.6;446.4;196.4;725.6;357.3;139.7;591.2;84.2;896.4;-199.2;80.1;361.5;-192;-124;-96.6;248.4;734.9;-315.1;-611.2;1078.6;320.7;
3;73377128;1;3;235.9;234.8;231.8;239.3;241.7;224.2;226.6;250.4;242.4;239.7;257.7;210.4;263.2;211.2;250.4;208.4;264.4;228.7;257.5;210;262;228.4;208.6;270.7;215.5;260.5;211.1;246.2;184.6;274.5;199.5;230.5;272.1;189.6;417.4;284.4;194.4;205.5;216.9;181.8;185.8;99.7;460.9;258.8;47.6;308.6;359.2;307.5;38.7;28.9;358.9;415;555.4;36;90;178;183.6;291.9;228.1;222.2;276.2;770.3;237.1;230.8;26;162.5;380.3;112.3;486.3;72.3;296.3;33.6;134.4;681.9;149.1;126.6;301.4;301.4;285.8;143.6;503.6;-152.5;19.7;11.4;255;527;-92.2;612.5;154.9;-218.9;303.1;212.1;515.7;143.7;77.9;-7.6;395.6;211.3;64.3;4.9;484.9;-100.9;337.7;306.8;878.8;-3.2;18;178.5;70.5;397.5;342.5;309.2;275.6;535.5;90.9;-58.6;-371.8;611;316;101.8;1085.8;-487.2;-23.6;111.7;446.5;196.5;713.1;332.1;152.9;591.5;84.5;909.8;-185.8;80.2;361.6;-205.4;-110.2;-96.5;248.5;735;-315;-611.1;1078.7;320.8;
3;74411654;1;1;235.3;234.3;231.3;239.4;241.8;220.8;226.8;249.2;242.8;239.2;260.2;205.2;261.6;210.9;250.1;209.6;262.4;226.7;259.1;207.8;263.8;228.1;208.3;270.4;217.6;257.6;210.8;248.6;184.2;274.1;202.1;230;268.4;189.2;417;284;194;205.1;239.3;161.3;189.3;103.2;477;240.5;33.7;308.2;354.2;307.2;38.4;33.5;363.5;414.5;580.9;3.2;95;194;166;297.1;215.9;227.7;275.7;751.5;230.7;243.3;38.5;168.5;366.5;118.6;485.8;78.7;288.7;40.2;133.8;681.3;155.9;133.4;338.6;284.7;276.9;103.1;543.1;-161.6;10.6;-6;262.8;492.3;-83.9;681.7;118.5;-255.3;293.7;211.8;515.4;152.7;86.9;1.4;395;210.7;63.7;14.2;474.2;-111.6;327;306.4;868;7;28.2;231.5;26.3;396.9;330.9;297.6;297.6;534.9;67.5;-59;-360.6;610.5;315.5;101.3;1205.3;-549.2;-61.2;86.4;458.4;170.9;725.3;331.6;139.6;591.1;84.1;922.5;-186.3;93;361;-219.5;-97.1;-69.7;206.3;762.3;-329.7;-625.8;1064;320.4;
3;73630855;1;3;236.2;235.2;232.4;239.3;242.1;224.6;227;250.8;242.8;240.1;257.1;210.9;263.7;211.7;250.9;210.4;261.6;229.3;258.1;210.6;264.6;228.9;206.9;271.3;218.5;261;211.6;246.7;187.9;274.9;199.9;234;269.2;190;417.8;284.8;194.8;205.9;221.1;178.2;190.2;95.9;465.5;250.5;52.5;309;350.4;308.1;44.1;34.3;364.3;410.2;555.8;31.1;95.9;178.4;184;292.3;222.7;228.6;282.6;746.2;231.6;244.2;45.8;162.8;367.4;119.5;479.9;79.7;303.7;33.9;134.7;689.5;149.3;119.3;309.3;278.5;294.1;136.1;504.1;-143.9;20.1;3.5;247.1;519.1;-82.9;613.1;164.3;-218.4;294.6;212.7;516.3;153.6;87.8;2.3;386.3;221.4;64.6;15.1;475.1;-100.6;317.6;307.3;868.9;7.9;18.5;200.4;70.8;386.9;342.9;298.5;287.3;547.2;68.4;-58.1;-371.3;623.2;316.4;90.3;1086.3;-462.5;-23.3;99.7;446.9;196.9;713.5;332.5;140.5;592;85;923.4;-185.4;80.6;375.4;-205.1;-123.5;-96.1;262.7;721.4;-328.6;-610.6;1093.4;321.2;
3;73368621;1;1;236.7;236;233;239.6;242.8;225.3;227.7;251.5;243.5;239.9;256.9;212.9;264.5;212.5;253.1;211.1;262.3;230;257;211.4;267.4;227.5;209.9;272;216.8;264.3;214.9;244.6;191.4;272.6;203.6;237.7;266.5;190.6;421.8;285.3;191.7;210.2;214;182.8;194.8;92.3;461.9;251.2;57.6;305.1;351.1;304.1;49.7;39.9;364.9;410.8;551.2;31.8;96.6;179.1;190.3;287.2;229.2;223.3;289.3;728.5;226.3;264.1;59.3;156.8;368;120.1;480.5;73.4;311.4;34.5;142.5;682.7;157.3;119.8;302.2;271.4;287;136.9;496.9;-126.8;29;-4.2;239.4;519.9;-73.5;587.7;182.9;-199.8;277.2;213.5;517.1;163.7;97.9;2.9;377.3;241.5;65.1;15.6;475.6;-110.2;318.2;307.9;859.1;8.6;19.2;201.1;93.1;376.5;343.5;288;288;570.5;46.1;-57.4;-370.6;635.6;305.2;91;1063;-425.3;-10.5;87.9;447.5;197.5;714.1;320.4;141.2;592.7;72.7;950.4;-184.8;81.2;389.4;-204.6;-136.6;-109.2;291;694.1;-327.9;-595.8;1079.8;321.9;
3;73377095;3;3;236.7;236.1;233.3;239;242.6;226.6;227.2;252.4;242.8;240.1;255.1;215.5;263.5;214.1;251.9;212.9;260.9;232;255.4;211.7;267.7;227.8;210.2;272.3;217.1;264.6;217.8;247.5;188.7;272.8;206.8;240.9;266.5;187.3;421.9;285.4;191.8;206.6;210.4;190.9;198.9;84.1;462.1;247.1;62.3;309.8;342;304.4;54.8;49.9;359.9;410.9;546.1;32;96.8;179.3;190.5;281.7;229.5;229.5;295.5;692;227;283.7;78.9;156.9;354.9;127.1;480.7;73.6;325.6;27.4;142.6;690.1;157.3;112.3;287.1;256.3;295.3;145.2;473.2;-93.8;21;-3.9;222.9;511.9;-55.7;562;201.2;-172.6;250.4;223.1;517.5;173.4;117;-6.5;377.5;251.4;75;15.6;465.6;-110.1;297.9;308.2;859.4;8.9;19.5;201.4;125.8;354.7;343.7;277.1;299.5;582;23.4;-57.1;-370.3;647.6;317.2;67.3;1039.3;-376.4;-10.4;88;447.6;185.1;714.3;307.9;154.3;580;73;963.8;-158.2;67.9;389.5;-191;-150.2;-109.1;291.1;666.4;-327.6;-581.4;1065.8;336.5;
3;73368682;1;1;238.7;238.1;235.9;238.9;244.1;230.6;230;255.9;241.5;242.4;251.4;225;263.4;217.9;258.5;213.5;258.3;239.6;248.6;220.1;270.1;228.1;219.3;263;224.6;274.6;222.6;241.5;205.1;263.1;221.1;249;265;195.7;409.9;269.9;194.3;227.6;193.4;205.1;213.1;73.7;460.1;232.2;91.4;298.4;349;287.9;86.3;76.5;356.5;392.2;491;45.8;137.6;198.1;192.5;266.6;243.4;219.8;321.8;565.8;218.6;338.3;159.1;120.1;351.1;123.3;476.9;97.4;307.4;73.1;145.1;678;137.8;122.8;244.4;236.7;260.1;189;485;-25.3;15.7;15.7;200.5;481;-0.6;460.5;310.9;-116.3;189.7;198.8;511.6;195.4;148.4;43.9;341.5;293;87.2;57.5;397.5;-57;218.4;321.4;799.8;43.8;54.4;214.9;160.9;357.1;313.1;235.4;246.6;619.5;38.1;-42.4;-297.6;650.1;307.9;10.4;970.4;-191.2;28.4;89.9;412.3;174.8;641;234.6;157.8;570.6;89.6;993.5;-128.5;110.9;365.5;-134;-93.2;-134.3;334.9;585.1;-254.9;-494.6;996.4;310;
3;73377141;3;3;236.5;235.9;233.5;238.6;242.6;226.6;227.2;252.4;242;240.2;254.2;216.8;263.6;214.2;253.4;212.9;260.9;232;253.6;213.7;265.7;230;210.2;270;217.2;264.7;220.5;252.9;188.5;263.9;209.9;250.2;266.2;187;414.8;285.3;191.7;210.2;206.4;190.8;198.8;79.9;457.9;247.2;71.2;305.2;342;299.7;59.7;54.8;359.8;410.8;546;37.2;91.2;184.7;184.7;281.6;235.2;217.5;307.5;661.3;221.1;303;98.2;176.2;341.2;126.8;494;52.4;353.4;-8.7;156.9;689.8;171.8;126.8;294;217;302.8;144.8;424.8;-53.1;37.1;-37.6;197.6;529.1;-55.7;544.6;219;-163.7;241.3;232.2;508.2;182.7;135.7;-16.3;386.9;280.2;25.4;45.2;445.2;-110.3;307.9;297.6;848.8;-1.7;19.5;222.8;136.4;332.6;343.6;254.8;310.8;649.8;-34.2;-57.2;-382;671;317;43.3;1027.3;-352.1;1.7;87.8;435;197.5;739.3;269.4;179.8;553.9;59.9;976.9;-158.3;81.1;389.3;-177.7;-177.7;-109.2;291;652.4;-341.6;-567.2;1065.8;322.2;
3;73377143;3;3;236.8;236.2;233.8;238.9;242.9;226.9;228.1;252.6;241.4;240.5;255.5;217;263.8;214.4;253.6;213.1;259.5;232.3;253.9;214;268;228.1;212.7;267.9;219.9;264.9;218.1;247.8;191.8;270.1;207.1;244.3;269.9;187.4;418.6;285.6;192;206.8;206.8;195.1;199.1;80.2;462.4;247.4;67;310;337.6;300;64.8;55;360;411;541;37.5;96.9;184.9;184.9;281.8;229.6;223.7;307.7;667.6;221.2;296.8;98.4;156.9;348.3;127.2;480.8;59.9;332.9;20.5;150.1;697.6;157.4;112.4;279.6;241.1;303.5;137.6;465.6;-69;13;-11.9;214.9;512.4;-46.6;545;219.4;-163.3;241.7;223.5;517.9;183.1;126.7;-15.8;377.8;261.4;75.2;25.7;455.7;-109.9;287.9;308.5;870.1;-11.9;30.5;212.4;126;344;333;277.5;311.1;593.6;12.2;-56.8;-370;659.6;317.4;43.7;1027.7;-339.6;2;88.1;422.9;210.4;701.8;308.1;154.5;567.3;73.3;977.2;-158;81.4;389.6;-204.4;-150;-122.6;305.2;652.7;-341.3;-566.9;1066.1;322.5;
3;73368635;1;1;239;238.4;236.8;238.9;244.9;230.9;230.3;255.5;242.7;242.7;251.7;225.3;263.7;218.2;257.4;215.4;258.6;238.2;249;222.4;270.4;228.4;219.6;263.3;222.5;275;225.6;241.8;205.4;263.4;221.4;249.3;268.5;192.6;410.2;263.2;198.4;228;193.8;209.4;213.4;74;452;232.7;96.3;298.8;340.2;297.9;91.5;71.9;361.9;382.3;486.3;46.4;138.2;198.7;209.9;266.9;237.9;214.3;322.3;548;219.4;345.4;166.2;120.7;351.7;123.9;491.1;111.6;300.6;66.3;152.7;663.7;145.7;115.7;244.9;237.2;260.6;189.5;477.5;-24.7;32.7;7.8;209.4;481.4;-0.2;452.2;320.2;-115.9;190.1;208.3;502.7;195.8;158.2;34.7;341.9;303.1;87.5;47.9;397.9;-36.4;208.4;321.7;779.3;54.8;54.8;226;161.2;357.4;291.4;247;224.6;620.1;61.5;-42;-285.6;638.7;308.3;10.8;958.8;-202.8;53.4;78;412.8;187.8;616.2;247.9;145.5;584.1;64.1;994.2;-127.8;124.9;352.7;-119.8;-79;-120.1;335.3;585.5;-254.5;-466;968.2;324.7;
3;73368622;1;1;237.2;236.7;233.9;239.3;243.7;226.7;228.5;253;242.6;240.8;254.8;217.4;264.2;214.8;254;213.5;261.5;232.6;252.4;214.4;268.4;228.5;213.1;270.6;217.8;265.3;221.1;245.4;192.2;270.5;210.5;241.5;267.1;191.2;415.6;293.1;188.7;207.2;207.2;195.5;203.5;76.4;462.8;239.2;80.8;305.8;342.6;300.3;60.3;55.4;360.4;411.4;546.6;32.5;97.3;179.8;185.4;282.3;235.9;218.2;314.2;661.9;227.9;290.9;98.9;163.9;342.1;134.4;481.2;67.2;326.2;28;150.4;705.2;157.6;97.6;264.8;249.4;304;146;474;-76.8;13.4;-11.5;206.9;521.4;-37.6;536.6;219.8;-162.9;251.1;214.7;518.3;183.5;127.1;-15.4;378.2;271.5;65.7;26.1;456.1;-109.5;288.3;308.9;870.5;-11.5;30.9;212.8;126.4;344.4;344.4;255.6;322.8;605.3;12.5;-68;-369.6;671.7;305.9;56;1028;-351.4;-9.8;76.3;448.3;210.8;702.2;308.5;154.9;567.7;73.7;990.7;-144.5;55;390;-204;-149.6;-122.2;319.4;639.1;-340.9;-552.4;1066.4;322.8;
3;73366171;1;1;237.6;237.1;234.5;239;244.2;227.7;228.9;253.4;242.2;241.3;255.3;219;263.4;215.3;255.9;213.9;260.3;233.1;252.9;214.9;268.9;229;213.6;268.8;220.8;268.3;221.5;245.8;192.6;270.9;210.9;245;270.6;188.1;415.9;282.9;192.9;215.1;203.7;195.9;203.9;76.8;459;256.9;63.3;310.8;338.4;296.1;70.5;60.7;355.7;406.7;531.5;38.6;108.8;191.3;185.7;276.9;236.3;224.5;314.5;643.9;216.1;316.9;124.9;150.9;322.5;141.6;474.8;67.7;340.7;14.1;158.1;691;150.8;120.8;288;241.8;296.4;138.4;458.4;-51.9;5.5;-19.4;215.8;504.8;-37;519.8;247;-144.6;224.4;206.2;528.2;174.8;156;-15;369;272;85.8;26.4;476.4;-129.6;278.4;299;871;-11;31.4;224;137.6;333.8;322.8;278.4;312;594.5;1.7;-55.8;-357.4;660.5;306.5;68.5;992.5;-302.2;2.8;88.9;423.7;186.2;702.8;283.7;155.7;581.4;74.4;1030.7;-144.1;95.3;376.7;-217.3;-149.3;-135.6;306;639.6;-326.4;-537.9;1038.3;337.6;
3;73366176;1;1;238.7;238.2;236;239;244.6;230.6;229.4;256;241.6;242.5;252.5;223.9;264.7;216.6;258.6;215.1;256.7;241.4;246.8;222.1;268.1;228.2;219.4;265.4;222.2;272.2;225.4;244.3;202.3;263.2;221.2;249.1;268.3;192.4;413.4;269.9;194.3;231.3;189.5;205.1;209.1;73.8;456;241;87;298.5;344.5;288.1;91.3;71.7;361.7;387.2;491.2;40.7;143.3;192.8;204;266.7;237.7;220;322;566;218.8;338.5;159.3;120.3;351.3;123.5;483.9;104.4;300.4;73.2;145.2;685.4;137.8;115.3;244.5;236.8;260.2;197;477;-33.3;24.1;15.8;200.6;481.1;-0.5;469.3;302.1;-125.1;198.9;208;511.6;186.1;148.5;44;341.6;293.1;87.3;47.7;407.7;-46.8;218.4;321.4;789.4;54.4;43.8;225.7;160.9;357.1;291.1;246.7;246.7;630.9;26.7;-30.8;-309.2;661.9;296.1;22.4;958.4;-203.2;40.8;90;400;187.5;641.1;247.4;145;583.6;76.6;1006.7;-154.9;124.4;352.2;-133.8;-93;-120.4;335;585.2;-268.8;-480.3;996.5;324.4;
3;73370678;1;1;237.9;237.5;235.1;239;244.6;228.1;229.3;255.2;240.8;241.7;254.7;220.6;263.8;215.7;256.3;214.3;260.7;233.5;251.5;217.3;269.3;229.4;216.2;266.8;221.2;268.7;221.9;246.2;195.8;268.3;214.3;248.4;267.6;188.4;416.2;279.7;189.7;219.3;200.3;204.2;204.2;73;459.4;253;77;297.5;343.5;291.8;75.8;66;361;401.8;516.2;33.9;125.7;186.2;197.4;271.5;230.9;236.8;326.8;613.5;216.7;342.7;112.3;131.8;343;128.6;475.4;61.4;327.4;43.4;151.4;684.3;151.5;114;266;242.9;289.7;155.4;467.4;-42.9;14.5;-2.1;207.9;496.9;-19.1;494.2;265.4;-135.1;215.9;206.8;519.6;184.8;147.2;4.7;379.1;262.7;86.3;36.8;426.8;-88.3;258.5;310;840.4;21.4;42.6;203.1;149.1;356.2;323.2;278.8;301.2;606.3;-20.7;-32.2;-357;660.9;295.1;45.2;993.2;-265.2;15.4;89.2;411.6;186.6;678;271.6;156.4;582.1;62.1;1005.3;-143.1;96.3;377.7;-162.3;-135.1;-135.1;320.3;612.2;-297.8;-509.3;1024.3;323.6;
3;73368624;1;1;236.9;236.5;234.1;239.2;243.2;227.2;228.4;252.9;241.7;240.8;255.8;216.2;265.4;213.4;255.4;211.9;261.5;232.6;252.4;216.3;266.3;230.6;210.8;270.6;220.2;265.2;218.4;248.1;192.1;270.4;207.4;244.6;267;191.1;418.9;292.9;188.5;207;207;191.4;203.4;80.4;458.4;247.7;71.7;305.7;342.5;295.5;65.1;55.3;360.3;416.4;556.8;32.1;86.1;174.1;190.9;276.4;235.8;224;308;667.9;221.5;297.1;98.7;157.2;348.6;134.2;467.4;74.1;326.1;27.9;150.3;705.1;157.5;105;272.2;249.1;303.7;129.9;473.9;-76.9;21.5;-20;215.2;512.7;-46.3;545.3;219.7;-163;251;214.6;527.4;192.6;126.8;-25.2;378;261.6;65.6;26;456;-109.6;298.4;298.4;880.8;-1.2;9.4;212.7;126.3;355.2;333.2;277.7;322.5;605;0.8;-68.2;-369.8;671.5;305.7;43.9;1027.9;-351.5;2.3;88.4;435.6;198.1;702.1;321.1;167.5;541.6;99.6;977.3;-171.1;68.3;416.7;-217.8;-163.4;-122.3;319.3;666.8;-369.2;-566.6;1066.4;322.8;
3;73366224;1;1;240;239.3;238.1;239.3;244.5;233.5;230.5;257.1;243.5;243.5;249.5;228.6;261;223.3;259.7;217.7;254.5;240.9;248.1;223.4;271.4;231.5;222.7;259.5;223.5;276;229.2;240;209.2;267.2;225.2;253.1;265.9;206.5;424.1;249.1;191.5;210;194.8;210.4;222.4;70.7;440.3;225.3;110.9;295.4;341.4;299.1;107.1;82.6;367.6;418.6;434.2;15.5;155.9;210.9;216.5;267.8;238.8;209.3;317.3;482;221.6;360.2;181;122.5;353.5;152.5;478.9;133.9;280.9;124.7;139.1;628.2;162;117;223.4;223.4;223.4;207.6;535.6;57.7;-24.3;25.5;201.9;448.4;35.6;418.4;444.8;-133.7;127.3;181.9;467.1;216;140.8;102.8;323.6;391.5;68.1;8.7;368.7;-25.2;199.2;343.4;738.6;87.6;45.2;227.1;194.7;456.3;148.3;226;170;588.1;234.7;-29.8;-343;628.1;309.5;12;912;-152.8;91.2;29.7;451.3;188.8;566.8;211.2;160;572.8;39.8;956.8;-86;140.1;354.5;-64;-50.4;-132.6;378;572.6;-211.4;-437;940.4;311.2;
4;73368613;1;1;239.3;240.2;243.6;236.7;244.3;227.8;242.2;237.3;241.3;236.8;235.8;222.6;217.8;263.3;246.5;248;241.6;239.9;245.3;243.4;231.4;208.3;267.7;267.7;229.3;241.8;241.8;209.4;257;265.7;220.7;161.8;286.6;223.9;203.5;186;322.8;241.4;256.6;221.5;265.5;343.4;175.4;304.4;273.6;305.1;309.7;178.1;206.9;128.5;308.5;323.8;121;211.1;238.1;122.6;324.2;255.8;412.4;465.5;159.5;141.2;172.2;84;295.2;230.2;58.6;206;240;260.7;295.7;139.5;117.9;541.3;215.7;508.2;181.4;158.3;72.5;483.3;-28.7;190;436;153.8;153.8;408.8;211;367.6;86;344.1;182.1;254.9;52.5;498.9;57.1;456.1;283.3;225.1;127.1;-110.5;429.5;106.3;381.7;41.8;239.4;459.9;279.7;76.4;108.8;-11.1;208.9;530.8;284.4;453.9;134.7;468.2;131.8;190.3;202.1;178.3;166.3;214.7;226.9;669.7;-12.3;237.7;111.7;22.8;445.2;109.8;577.8;211;197.8;-148;227.2;429.7;334.5;375.6;292.8;223.3;111.3;54.9;438.3;252.4;
4;73377117;1;3;239.2;240.1;244.1;236;244;229;241.6;237.4;241.4;236.9;235.9;222.7;219.1;263.3;246.5;246.5;241.7;241.7;247.1;239.5;233.5;206.2;267.8;270.1;229.3;241.8;239.2;209.5;259.9;262.8;223.8;158.7;286.7;227.3;206.9;196.4;315.2;233.8;264.2;229.1;261.1;334.9;183.7;299.8;264.6;300.6;314.4;178.1;206.9;133.4;308.4;308.4;121.2;227.2;232.6;122.6;324.2;261.5;406.5;453.7;183.7;147.1;171.9;83.7;288.5;223.5;71.7;205.7;239.7;253.5;295.5;153.5;110.3;526.4;215.6;485.6;181.6;150.8;104;451.6;-12.4;190.1;436.1;162.2;162.2;391.7;193.9;376.6;95;362;164;264.1;43.3;461.8;76.4;465.9;273.9;244.8;137;-110.5;419.5;106.4;392;62.4;228.8;459.8;247.8;87.3;119.7;10.7;208.7;530.6;284.2;431.1;146.1;445.1;120.3;202.2;178.6;178.6;154.6;251.4;202.6;682.3;0.3;250.3;73.9;48.5;458.1;71.1;552.1;224.6;211.4;-134.4;240.8;429.8;321;389.5;292.9;223.4;111.4;40.9;424.3;267;
4;73368617;1;1;239.5;240.5;244.3;236.2;243.8;229.3;241.9;238.4;240.8;237.2;236.2;223;219.4;263.6;246.8;248.3;240.3;242;247.4;241.7;231.7;206.5;268.1;270.4;229.6;242.1;242.1;209.7;257.3;263.1;224.1;159;287;227.6;207.2;196.7;315.5;234.1;264.5;229.4;261.4;335.2;184;304.4;264.8;300.8;310;183.1;202.3;138.6;303.6;313.8;126.6;222;232.8;128.3;324.3;255.9;406.7;453.9;183.9;147.3;165.9;90.3;288.7;223.7;65.3;212.7;239.9;253.7;288.7;160.9;110.5;526.6;215.8;493.3;174.1;151;104.2;451.8;-12.2;190.3;436.3;162.4;162.4;391.9;194.1;376.8;95.2;353.3;182.3;246;52.8;471.3;76.5;456.5;274.1;245;137.2;-120.2;429.8;106.6;382;62.7;239.5;460;248;87.5;119.9;10.9;197.9;530.9;284.5;431.4;157.8;445.3;120.5;202.4;178.8;190.7;154.7;239.4;215;670.1;0.5;250.5;86.7;48.6;458.2;84.1;539.1;237.8;211.4;-147.7;240.9;416.4;321.2;389.7;293.1;223.6;111.6;41.1;424.5;267.2;
5;73366148;1;1;239.1;242.7;236.1;244.5;238.5;240;243.6;232.4;246;235.2;239.2;230.4;235.2;243;247.2;226.2;247;224.9;268.1;252.9;184.9;264.7;258.1;225.9;264.3;209.3;295.1;241.1;201.9;201.9;255.9;228;269.6;282.8;184.2;250.7;369.5;132.7;337.9;189.7;301.7;437;147.2;366.5;278.5;202;257.2;210.2;258.2;170;245;326.6;82.2;193.5;279.9;235.9;101.5;238.3;331.1;390.1;216.1;307.6;233.2;0.1;83.3;414.8;230;357.3;-16.7;231.7;294.7;-10.6;320.6;123.5;301.1;248.6;423.4;30.7;592.3;94.6;118.6;377.8;25.2;606.2;354.2;-19.8;40.4;379.7;10.1;286;259;195.3;241.3;120.4;402.4;155.4;433.8;346.5;307.3;89.5;369.5;319;155.8;21.9;-9.3;221.7;211.1;243.2;426.8;492.2;-46.8;341.7;621.7;0.2;-113.8;633.7;343.7;-206.2;372;134;-106;414.3;511.9;302.8;-280;607.5;-198.9;385.3;257.3;-142.6;416.4;-212.4;196.8;236.7;196.5;277.5;399.9;427.3;-317.9;-95.5;604.5;209.7;209.7;252.6;
5;73366206;1;1;236.7;240.9;233.9;244.1;234.9;239.4;241.8;227.8;248.6;227;237;231.5;230.3;242;250.4;221.9;252.3;214.9;272.5;263;167;261.5;259.3;224.8;265.6;210.6;304.2;244.8;194.4;185.7;266.7;223.3;274.5;281.1;155.3;267.3;375.3;105.2;359.8;188.2;312.2;484.4;140;380.8;306;184.5;253.5;183;269.4;161.6;226.6;359.2;31.6;201.2;287.6;276.6;63.8;229.1;345.1;421.8;217.8;364.2;246.4;-106.4;-23.2;386.3;227.9;408.8;-108;243.9;355.9;-98.5;347.9;85.1;299.7;284.7;489.9;-18.3;636.9;52.3;44.3;457.4;72;661.3;384.1;-66.4;79.8;323.4;-99;301.5;247.5;229.3;220.1;24.8;438.4;219.9;402.3;382.9;363.3;46.5;366.5;376.6;142;39;-106.6;250.4;239.8;282.6;390.6;477.8;-127.2;383.4;876.2;-174.7;-174.7;699.3;409.3;-292.7;450.7;46.1;-157.9;447.1;544.7;298.7;-457.7;642.3;-290.1;560.8;266.4;-249.6;374.4;-424.7;195.7;302.1;208.3;262.3;466.3;480;-361.8;-181.1;728.9;108.5;136.9;237;
5;73368681;1;1;237.1;241.4;234.6;244.2;235.8;239.8;241.6;229;249;228.3;237.3;231.8;231.8;242.2;250.6;220.6;251;217;272.8;259.5;171.5;261.8;259.6;225.1;265.9;210.9;301.9;242.5;197.7;189;264;223.7;274.9;281.5;162.5;264;372;113;352.4;188.6;312.6;480.7;136.3;372.8;302.4;185.4;254.4;188.6;265.4;167.4;232.4;344.6;48.2;223.1;260.9;255.4;70.6;218.8;340.6;417.3;219.3;353.5;241.9;-85.7;10.3;419.8;228.4;409.3;-107.5;237.5;342.5;-69.3;341.1;85.6;300.2;277.7;475.3;5.6;645.2;76.4;52.4;425;23.2;620.8;385.6;-64.9;81.3;359.7;-45.1;293.1;257.1;266.2;220.2;-3;420;230;393.2;364.1;324.9;87.3;367.3;357.2;143;50.3;-95.3;240.7;240.7;272.8;402.4;489.6;-115.4;373;753.8;-116.3;-150.5;735;398.6;-303.4;440;83;-193;436.2;558.2;287.6;-369.6;630.4;-289.4;485.3;254.9;-183.7;375.3;-358.3;209.3;289.1;208.7;262.7;453.1;466.8;-361.2;-166.6;715.4;123.2;151.6;251.7;
5;73366178;1;1;235.3;239.7;232.5;243.6;232.8;238.8;241.8;223.6;250.8;220.2;237.2;231.7;226.9;242.5;250.9;217.9;253.1;210.6;275.4;267.8;157.8;260.7;260.7;219.3;267.3;209.8;313.8;249;187.4;178.7;271.7;222.1;273.3;279.9;143.9;273.4;381.4;85.4;370.4;187.1;315.1;507.8;134;396.3;321.5;164;256;185.5;271.9;159.2;214.2;367.2;3.2;199.3;296.5;263.5;33.9;204.9;355.7;450.1;222.1;392.9;256.5;-165.6;-76;437.5;232.9;427.2;-150.8;256.3;389.3;-150.3;368.1;54.2;291;321;511;-51.1;627.5;42.9;10.9;480.7;78.9;651.6;416.4;-127.6;121.8;269.7;-38.3;308.8;236.8;236.8;209.2;-23.3;465.5;247;400.6;410.3;312.3;74.7;374.7;415.1;139.7;26.4;-150.4;259.1;259.1;301.9;366.7;497.5;-184.5;370.5;874.5;-232.9;-187.3;709.7;454.5;-341.1;484.9;8.9;-159.1;470.1;628.7;259.7;-459.5;678;-405.6;572.3;277.9;-341.3;425.7;-465.1;194.9;354.5;193.7;261.2;492.4;533.5;-391.1;-224.3;811.7;36.2;121.4;221.5;
5;73366172;1;1;233.1;237.5;229.7;243.2;229.6;238.1;241.1;219.4;250.6;212.8;237.8;230.1;220.5;241.3;255.3;214.8;251.6;205.7;277.7;268.2;148.2;263.7;257.1;218;268.4;205.9;325.5;255.3;179.7;165.2;282.2;217.1;274.7;274.7;131.9;282.4;383.2;65;384.2;181.4;317.4;534.7;135.7;406.6;345;142.5;252.9;177.7;297.7;150.7;190.7;364.1;-31.1;218;288.2;266.2;3;208.2;341.6;471.4;237.4;457;271;-251.9;-155.9;487.6;269.8;437.3;-222.3;267.6;449.6;-267.5;387.7;44.6;266.6;356.6;539;-115.5;641.1;24.9;-23.1;503.4;60.6;683.1;447.9;-189.6;154.4;206.6;-22.2;351.6;216.6;271.2;170;-62.5;520.3;292.3;359.5;437.1;299.9;82.1;392.1;472.9;136.3;-38.8;-205.2;267.3;277.9;352.8;342;527.3;-209.7;334.2;939;-315.3;-178.5;707;509.8;-391.1;541.1;-65.8;-173.8;491.7;711.3;243.9;-524.9;750.1;-572.9;620.9;262.5;-421.2;462.8;-572.1;153.9;419.9;218.9;272.9;517.7;545.1;-351.9;-268.5;851.5;-36.8;62.6;191.3;
5;73366226;1;1;232.9;237.5;229.5;243;229.4;237.9;240.9;219.2;250.4;212.6;237.6;229.9;220.3;241.1;255.1;216.1;249.7;205.5;275.7;270;148;263.5;256.9;217.8;268.2;205.7;325.3;255.1;179.5;165;285;213.7;274.5;274.5;128.3;285.8;379.4;68.6;380.2;181.3;321.3;534.5;131.3;410.8;344.8;142.3;248.1;177.6;297.6;150.6;190.6;364;-31.2;217.9;288.1;266.1;8.5;208;341.4;471.2;231.2;456.9;270.9;-252;-149.6;493.9;262.9;450.5;-222.7;267.2;449.2;-282.1;387.5;37.1;266.5;349;546.6;-107.9;633.1;24.8;-23.2;503.3;60.5;683;447.8;-189.7;154.3;215.2;-31.2;360.4;207.4;280.2;160.6;-62.6;520.2;292.2;359.4;437;309.6;72;382;483;115.8;-28.4;-184.4;256.6;277.8;352.7;331.1;538.2;-209.8;323;950.2;-304.1;-167.3;706.7;521.1;-414.9;552.7;-78;-174;479.4;723.4;256;-537.6;724.9;-547.7;620.7;249.5;-408.4;462.6;-585.4;153.8;419.8;232.2;245.7;517.7;558.8;-338.2;-240.9;837.1;-51.2;62.4;191.1;
5;73377143;2;3;231.8;236.4;228.2;242.9;227.7;237.7;241.3;216.8;249.6;208.2;236.2;232.9;217.3;242;256;209.5;254.3;203.3;278.9;271.3;139.3;265.3;258.7;215;270.2;205.2;332.6;262.4;172.8;149.6;290.6;219.3;276.9;276.9;113.7;292.2;382.2;52.9;391.1;180.5;324.5;558.2;125.6;430.9;342.9;108.9;246.9;195.2;276.8;164.1;179.1;367.8;-27.4;211.1;281.3;275.8;-9.8;172.6;346.6;517.7;247.7;491.7;256.1;-285.7;-196.1;466.9;202.9;444.1;-174.7;253.1;463.1;-239.8;393.8;14.2;295.4;377.9;560.3;-117.3;647.1;-0.7;-72.7;526.7;51.1;706.8;463.2;-208.3;170.1;144;-14.4;368.3;224.3;251.6;187.2;-101.1;556.9;271.9;396.7;454.9;288.3;80.4;350.4;491.8;124.6;-29.9;-248.3;339.7;254.9;415.4;339.8;503.3;-299.7;366.3;971.1;-351;-248.4;740.6;520.2;-380.7;563.3;-115;-139;538.6;721.6;217.3;-613.5;774;-586.8;670.5;260.9;-461.5;448.5;-599.5;139.7;458.9;231.1;217.6;571.2;571.2;-436.2;-283.3;864.7;4.6;33;204.6;
5;73377141;2;3;231.7;236.3;228.1;242.5;228.1;237.6;240.6;217.5;249.5;208.1;236.1;232.8;217.2;241.9;255.9;209.4;254.2;203.2;277;271.3;141.3;265.2;256.4;215;272.6;205.1;332.5;259.6;172.8;152.5;287.5;219.3;280.1;273.5;117.1;292.1;382.1;49.1;394.9;176.5;324.5;558.2;129.8;430.8;342.8;108.8;246.8;195.1;276.7;164;179;367.7;-32.7;211.1;281.3;275.8;-9.8;172.6;352.4;517.6;241.6;491.7;262.3;-285.8;-196.2;460.3;209.5;437.3;-174.7;253.1;456.1;-232.6;393.8;14.2;288;378;560.4;-132.6;647.4;15.4;-64.6;526.7;51.1;698.5;480.1;-216.9;170.1;144;-14.4;368.3;224.3;251.6;187.2;-101.1;556.9;271.9;396.7;445.2;298.2;80.4;350.4;491.8;114.4;-29.8;-237.8;339.7;254.9;415.4;329;503.4;-288.6;366.3;971.1;-362.3;-225.5;729;520.2;-380.7;563.3;-103.1;-151.1;538.6;721.6;217.3;-613.5;774;-586.8;670.5;248.1;-448.5;461.5;-612.7;152.9;445.5;231.1;217.6;571.2;571.2;-436.2;-283.3;836.7;18.9;61.5;204.5;
5;73368620;1;1;230;234.9;224.5;243.4;224.2;236.2;242.2;212.8;249.6;201;234;238.4;203.6;245.2;266.2;191.2;266.4;198.4;266.8;293.4;115.4;268.7;268.7;192.8;286.4;201.4;334;285.4;148.2;139.5;310.5;198.9;294.9;281.7;81.1;312.1;394.9;2.7;435.9;159;319;610.1;93.5;420.3;411.5;56;263;206.6;254.6;186;156;354.9;-3.9;202.8;256.8;300.8;-35.2;141.5;315.5;586.9;256.9;488.7;327.5;-403.3;-262.5;556.5;101.1;456.2;-142.2;202.8;545.8;-299.1;435.3;-24.6;271.4;503.9;465.9;-204;747.6;-26.6;-138.6;606.6;24.4;705;469.8;-261.2;289.2;-15.3;-6.5;447.4;240.4;249.5;129.9;-130.5;696.7;183.7;423.7;491.6;256.4;88.1;288.1;611.3;121.7;-63.7;-219.7;336.8;220.2;562.6;195.4;533.3;-368.7;330.6;1114.6;-456.1;-285.1;761.4;529.4;-336.4;584;-213.3;-93.3;487.5;780.3;226.8;-752.8;897.2;-728.2;745;335.4;-632.1;537.9;-719.7;164.7;537.1;148.5;202.5;705.7;541.3;-507.5;-285.1;722.9;187.1;-40.1;174.4;
5;73368697;1;1;231.9;236.5;228.3;243;227.8;237.8;240.8;217.7;249.7;209.2;235.2;233;217.4;242.1;256.1;209.6;254.4;203.4;280.8;269.4;139.4;265.4;258.8;212.8;270.4;207.9;332.7;265.2;172.8;146.7;287.7;222.6;277;277;110.4;295.9;382.3;49.3;395.1;176.7;328.7;578.8;112.6;469.5;306.7;95.2;247;195.3;276.9;164.2;179.2;367.9;-32.5;216.6;281.4;275.9;-15.3;178.5;358.3;529.4;223.4;522.3;237.1;-260.6;-203;434;209.6;437.4;-174.6;253.2;470.2;-246.9;393.9;14.3;288.1;385.6;613.6;-141;615.6;23.1;-96.9;526.8;75.8;706.6;496.6;-242.9;161.3;135.2;12;359.1;215.1;251.5;187.1;-101.2;556.8;281.3;386.9;445.1;288.3;90.3;350.3;491.7;134.7;-40.4;-248.4;360.6;244;404.5;339.7;546.8;-344.2;377.3;982.1;-385.2;-237;740.5;508.5;-380.7;575.1;-127;-127;562.7;745.7;241.4;-639;698.5;-586.7;657.9;261.1;-461.3;461.7;-612.5;153.1;445.7;231.3;231.3;557.7;598.8;-463.8;-297;837;19.2;61.8;204.8;
5;73377095;2;3;230.8;235.6;227.2;242.5;226.5;237.5;240.5;215.3;249.7;205.6;235.6;233.4;214.2;241.5;256.9;207.4;257;200.9;276.5;272.7;136.7;266.9;255.9;214.5;269.7;204.7;337.3;264.4;169.2;146;290;221.8;279.4;272.8;113;295;381.4;44.7;398.1;171.9;327.9;565.7;128.9;425.6;355.2;98.7;245.9;198.9;275.7;167.9;167.9;371.9;-33.7;210.1;274.9;280.4;-16.4;160.3;345.9;528.8;252.8;509;267.2;-312.4;-216.4;466.1;195.5;436.7;-161.7;245.4;483.4;-255;400.2;6;294.6;392.1;559.3;-164.5;662.3;22.4;-97.6;542.3;50.3;706;462.4;-217.6;195.2;108.2;-15;385.5;223.5;250.8;186.4;-111.2;575;271;405.4;453.9;277.5;89.4;339.4;511.1;113.3;-41.2;-259.6;359.9;253.9;435.8;327.8;491.3;-311.7;365.4;1003.8;-374.8;-272.2;751.3;530.9;-381.7;585.9;-140;-140;549.7;732.7;191.5;-626.9;798.1;-613.1;682.3;259.9;-488.3;460.7;-626.6;139;458.2;243.8;216.8;584;584;-464.8;-298;822;32.4;46.6;203.9;
5;73630855;3;3;229.3;234.1;225.7;242.2;225;237;240;212;249.6;200.1;235.1;234;213.6;238.3;260.7;203.7;258.1;198.6;276;276;130;268.6;257.6;211.6;271.6;201.6;349.8;266.1;162.5;136.4;295.4;224.1;278.5;268.6;108.8;304.8;384;21.4;412.8;167.1;339.1;572.8;140.2;428.3;375.5;78.5;239.5;201.9;278.7;166;161;380.3;-40.9;208.2;273;278.5;-18.3;135.6;344.4;550.9;280.9;537.1;264.3;-378.3;-263.1;471.4;174.4;435.7;-162.7;251.3;517.3;-285;413.4;-24.6;323.2;405.7;565.3;-227.8;684.8;37;-139;565.7;40.9;721.5;469.5;-244.5;219.9;54.6;-15.8;420.3;231.3;249.5;185.1;-140.4;611.6;288.6;403.8;481.4;256;87.7;337.7;529.6;111.4;-53.4;-303;390;252.2;509;314.6;445.4;-357.6;397.2;1035.6;-422.1;-296.7;749.8;552.6;-395.1;631.5;-201.5;-129.5;596.5;730.7;140.3;-665.7;859.3;-652.7;718.9;258.1;-541.7;459.3;-680.4;124.8;497.2;269.4;174.9;623.7;596.3;-480.1;-327.2;764.8;45.7;59.9;202.9;
5;73366215;1;1;229.4;234.4;225.8;242.3;224.7;237.2;240.2;212.9;249.7;200.2;235.2;234.1;212.5;239.8;260.8;203.8;258.2;198.7;276.1;274.2;132.2;268.7;255.5;214.1;271.7;201.7;347.3;269;162.6;136.5;295.5;224.2;278.6;268.7;108.9;304.9;380.5;25.3;412.9;167.2;339.2;572.9;140.3;428.4;375.6;78.6;239.6;202;278.8;166.1;156.1;380.5;-40.7;213.7;273.1;278.6;-18.2;135.7;344.5;551;281;537.2;264.4;-378.2;-269.4;478.1;174.5;435.8;-162.6;244.5;524.5;-284.9;413.5;-24.5;315.9;413.4;565.4;-227.7;677.1;45.1;-138.9;565.8;32.8;721.7;478.1;-244.4;211.4;63.5;-15.7;420.4;231.4;240.5;185.3;-130.9;611.7;288.7;403.9;481.5;256.1;77.9;347.9;529.7;111.5;-63.6;-292.4;390.1;241.7;519.9;314.7;445.5;-357.5;397.3;1035.7;-422;-308;750;564.4;-395;619.8;-189.4;-129.4;584.5;743.1;128.1;-653.1;859.4;-665.2;731.8;245.4;-528.6;459.4;-680.3;111.7;510.7;269.5;175;623.8;596.4;-493.8;-313.1;764.9;45.8;60;188.7;
5;73370707;1;1;229.9;234.9;226.3;242.8;225.6;237.6;240;214.1;250.1;202.4;234.4;237.7;208.9;240.1;261.1;204.1;256.9;200.8;276.4;276.4;130.4;269;258;212;272;202;342.4;269.5;163.1;139.9;298.9;246.2;291;261.3;84.5;294.5;388.1;44;389.8;163.6;335.6;569.3;132.5;429.2;372;93;272.4;201.9;273.9;166.1;161.1;375.3;-35.5;213.6;273;278.5;-63.1;142.1;339.3;545.8;269.8;526;265.6;-358.1;-242.9;478.6;175;463.1;-155.7;251.4;475.4;-277.2;406.8;19.9;286.3;406.3;550.7;-203.9;677.5;21.8;-106.2;574.2;16.6;713.8;470.2;-235.3;211.9;72.7;-15.3;411.9;231.9;241;176.6;-121;612.2;260.7;414.3;472.5;266.7;78.6;338.6;530.5;112.3;-52.5;-281.3;380.2;253;488.4;304.8;468.3;-345.7;386.9;1025.3;-398.5;-284.5;750.5;646.1;-360.1;572.1;-177.6;-117.6;560;718.6;165.1;-640.9;834.1;-728.3;694.1;258.9;-528;473;-666.7;125.3;484.4;270;216;569.6;651.8;-535;-312.6;779.4;46.2;60.4;189.1;
5;73377128;3;3;228.2;233.2;224.8;241.6;223.2;236.7;239.1;211.1;248.7;197.4;234.4;233.3;212.9;236.3;261.5;204.5;255.7;197.9;275.3;273.4;129.4;270.1;254.7;213.3;270.9;200.9;351.7;270.7;158.7;129.7;297.7;223.3;274.5;267.9;108.1;307.6;383.2;16.9;415.9;166.3;342.3;571.9;156.1;422.7;383.1;68.1;233.7;200.8;277.6;169.8;149.8;389.5;-52.5;212.5;277.3;277.3;-19.5;123;349.2;561.6;303.6;541.5;250.1;-405.1;-283.5;464;173.6;434.9;-163.5;250.5;558.5;-314.8;412.4;-40.2;329.8;412.3;579.5;-259.8;684;52;-156;573;31.8;729;477;-254;219;45;-16.6;428.4;239.4;230.3;193.5;-141.3;620.1;297.1;412.3;489.9;244.9;76.6;346.6;528.4;110.2;-64.9;-324.9;410.1;251.1;540;324;411.2;-369.8;407.2;1056.8;-446.1;-320.7;748.8;563.2;-407.9;654.1;-214.6;-130.6;607.5;729.5;114.5;-666.7;870.8;-653.8;743.2;231.2;-555.7;458.3;-694.5;97.5;523.1;295.3;160.3;622.7;595.3;-481.1;-328.2;749.8;30.7;73.3;202;
5;73377098;3;3;228.1;233.1;224.7;241.5;223.1;236.6;239;211;248.6;197.3;234.3;233.2;212.8;236.2;261.4;204.4;255.6;197.8;275.2;273.3;129.3;270;254.6;213.2;268.4;203.4;351.6;267.9;161.5;129.6;297.6;223.2;274.4;267.8;108;307.5;379.5;20.6;415.8;166.2;342.2;571.8;151.8;427;383;68;229;205.5;277.5;169.7;149.7;384.3;-47.3;212.4;271.8;277.3;-13.9;122.9;343.3;561.6;291.6;547.8;262.6;-405.2;-290;470.5;173.5;434.8;-163.6;250.4;537.4;-300.4;419.6;-40.3;329.7;404.7;587.1;-259.9;676.1;52;-156;581.1;31.7;728.9;476.9;-254.1;218.9;44.9;-16.7;428.3;239.3;230.2;193.4;-141.4;620;297;402.6;489.9;254.7;76.5;346.5;528.3;110.1;-65;-335.4;420.6;240.4;540;324;411.2;-369.8;418.3;1045.5;-434.8;-320.8;748.7;563.1;-408;642.2;-214.6;-118.6;607.4;729.4;114.4;-666.8;870.7;-666.5;743.2;244;-555.8;458.2;-707.7;110.7;523;281.8;160.3;636.3;595.2;-481.2;-328.3;749.7;30.6;73.2;187.6;
5;73370677;1;1;227.8;233;224.4;241.5;223.5;236.5;238.3;211;248.6;195.5;234.5;233.4;213;236.4;263;203;255.8;196.3;279.1;271.5;129.5;270.2;254.8;215.7;268.5;201;359.6;267.8;158.6;123.8;300.8;223.3;274.5;261.3;115.1;311.1;379.5;9.5;427.5;162.3;350.3;571.7;160.1;431;387;63;224;200.5;282.1;169.4;144.4;394.3;-52.9;212.1;266.1;282.6;-14.2;116.9;348.9;567.2;297.2;559.5;261.9;-424.8;-303.2;463.8;173.4;428;-170.4;250.5;551.5;-307.6;434;-55.1;351.9;404.4;602;-291.2;683.8;59.7;-172.3;581;31.6;737.1;476.7;-262.8;227.4;27.3;-16.7;437.2;239.2;230.1;202.5;-160.2;629.4;315.9;411.9;489.5;244.5;76.2;346.2;548.2;99.4;-75.7;-356.5;431;250.8;571.8;312.6;399.8;-392.2;429.2;1067.6;-457.9;-332.5;748.5;574.5;-420;653.8;-226.8;-118.8;631.4;741.2;77;-667;883;-666.8;781;230.6;-582.1;457.9;-734.2;97.4;536.3;308.5;146.5;636.1;608.7;-481.5;-356.4;735.6;30.6;87.4;187.5;
5;73630769;3;3;226.2;231.3;223.1;240.5;221.7;235.7;236.9;208.9;248.1;191.4;233.4;231.2;214.4;232.6;263.4;200.4;256.4;195.2;278;270.4;126.4;271.3;251.5;217;265;202.5;361.1;269.3;154.5;122.6;299.6;222.1;273.3;256.8;114;320.5;374.5;0.8;430.2;161.1;353.1;570.4;167.2;442.4;385.2;52.2;204;208.7;285.5;172.8;137.8;397.9;-59.7;210.6;264.6;281.1;-4.5;103.8;353.2;559.7;289.7;576.4;266.4;-439.2;-317.6;455.9;165.5;433.5;-171.7;249.2;550.2;-301.8;439.8;-56.6;357.8;402.8;615.6;-331.5;682.5;74.2;-181.8;579.6;22;744.1;483.7;-272.8;243.2;8.3;-26.9;435.9;237.9;237.9;210.3;-171;628;333.5;400.7;507.4;233;74.6;344.6;546.6;97.8;-67;-399.8;461.2;259.8;612.9;310.5;365;-405;438.6;1099.4;-505.2;-357;758.5;584.5;-445.1;675.9;-240.4;-108.4;678.1;726.9;38.1;-705.9;931.6;-681.2;792;228.8;-583.9;430.1;-735.8;56.2;561.6;360.6;77.1;661.9;607.1;-483.1;-358;706;15.1;100.3;186.1;
5;73377084;3;3;226.4;231.6;223.6;240.7;221.9;235.4;237.2;209.9;247.5;192.6;233.6;231.4;213.4;234.2;262.2;203.7;254.9;195.4;276.4;270.7;128.7;269.4;254;214.9;265.3;202.8;364;269.5;157.5;116.9;299.9;225.5;270.3;260.4;114.2;317.2;374.8;1.1;434.3;157.4;357.4;570.6;167.4;434;390;52.5;213.5;204.1;285.7;168.1;138.1;403.3;-64.7;210.9;270.3;281.3;-9.9;104.1;347.7;560.1;296.1;582.8;266.6;-445.3;-317.3;456.2;172.4;427;-171.4;249.5;550.5;-301.5;440.1;-63.6;358.2;403.2;616;-323.4;682.8;58.7;-181.3;596.3;22.3;744.4;475.6;-272.4;226.4;17.6;-8.8;445.1;238.1;229;201.4;-161.3;628.3;333.8;410.6;497.9;233.3;84.8;334.8;546.9;98.1;-77;-378.6;440.4;249.6;602.7;311.1;376.5;-404.5;439.1;1088.7;-482;-356.6;747.4;585;-432.9;676.3;-240;-120;654.4;739.8;51;-680.6;906.9;-680.7;779.8;229.4;-570.4;443.6;-748.5;69.9;562;320.8;131.8;648.6;607.5;-496.5;-357.5;734.5;15.4;86.4;200.8;
5;73370669;1;1;226.3;231.5;223.5;241.2;221.6;236.1;237.9;208.5;248.5;190;233;231.9;213.9;234.7;262.7;204.2;255.4;195.9;276.9;271.2;129.2;269.9;254.5;215.4;265.8;203.3;372.3;269.7;154.9;114.3;306.3;225.7;270.5;257.3;117.9;320.9;374.9;-6.2;438.4;157.6;369.6;570.5;175.7;425.1;403.1;47.6;208.6;203.9;290.3;162.9;137.9;408.2;-70.2;210.7;264.7;281.2;1.2;92.4;347.6;560;302;582.6;266.4;-451.8;-323.8;449.7;165.9;427.2;-171.2;249.7;564.7;-308.6;447.4;-70.9;373.1;410.6;623.4;-354.5;690.7;82.4;-197.6;596.2;5.8;752.8;492.4;-289.6;243.6;8.7;-26.5;445.2;256.2;219.8;210.6;-189.3;647.3;343.3;420.1;507.4;242.8;84.4;334.4;546.5;97.7;-77.4;-410.2;461.3;228.1;624;300;376.3;-415.7;450.1;1088.5;-482.2;-379.6;758.9;596.5;-444.8;699.8;-264.1;-120.1;666.4;751.8;26.1;-693.1;919.4;-680.8;779.7;229.3;-583.4;443.6;-761.6;56.8;562.2;334.4;118.4;676;621.2;-496.6;-385.4;720.6;15.6;86.6;201;
